code,system
25238,gprdproduct
3705,gprdproduct
94,gprdproduct
3286,gprdproduct
34024,gprdproduct
3181,gprdproduct
33274,gprdproduct
34328,gprdproduct
42990,gprdproduct
40245,gprdproduct
20844,gprdproduct
33612,gprdproduct
48587,gprdproduct
43577,gprdproduct
27523,gprdproduct
9522,gprdproduct
42989,gprdproduct
47813,gprdproduct
2511,gprdproduct
33080,gprdproduct
20944,gprdproduct
2302,gprdproduct
34017,gprdproduct
33675,gprdproduct
792,gprdproduct
34327,gprdproduct
3308,gprdproduct
34023,gprdproduct
36,gprdproduct
34519,gprdproduct
54117,gprdproduct
34948,gprdproduct
333,gprdproduct
17169,gprdproduct
29282,gprdproduct
16366,gprdproduct